Temps;temps_ms;Temps_acquisition;Ancre;X;Y;Z;Precision %;Temps_s;Position erreur
00:00:00.000;0;0;49A1;0.0;0.0;0.0;77;0.0;0.5
00:00:00.000;0;0;49A2;7.0;8.45;0.0;77;0.0;0.5
00:00:00.001;1;1;49A3;0.0;0.0;0.0;77;0.0013778209686279297;0.5
00:00:00.101;101;101;49A1;0.0;0.0;0.0;77;0.10197019577026367;0.5
00:00:00.101;101;101;49A2;7.0;8.45;0.0;77;0.10195207595825195;0.5
00:00:00.101;101;101;49A3;0.0;0.0;0.0;77;0.1016550064086914;0.5
00:00:00.202;202;202;49A1;0.0;0.0;0.0;77;0.20269370079040527;0.5
00:00:00.203;203;203;49A2;7.0;8.45;0.0;77;0.2037672996520996;0.5
00:00:00.203;203;203;49A3;0.0;0.0;0.0;77;0.2033073902130127;0.5
00:00:00.303;303;303;49A1;0.0;0.0;0.0;77;0.30394649505615234;0.5
00:00:00.304;304;304;49A2;7.0;8.45;0.0;77;0.30455946922302246;0.5
00:00:00.304;304;304;49A3;0.0;0.0;0.0;77;0.30475568771362305;0.5
00:00:00.404;404;404;49A1;0.0;0.0;0.0;77;0.4042673110961914;0.5
00:00:00.405;405;405;49A2;7.0;8.45;0.0;77;0.40503525733947754;0.5
00:00:00.405;405;405;49A3;0.0;0.0;0.0;77;0.4051675796508789;0.5
00:00:00.504;504;504;49A1;0.0;0.0;0.0;77;0.5047383308410645;0.5
00:00:00.505;505;505;49A2;7.0;8.45;0.0;77;0.5052649974822998;0.5
00:00:00.505;505;505;49A3;0.0;0.0;0.0;77;0.5054328441619873;0.5
00:00:00.605;605;605;49A1;0.0;0.0;0.0;77;0.605278491973877;0.5
00:00:00.605;605;605;49A2;7.0;8.45;0.0;77;0.60577392578125;0.5
00:00:00.605;605;605;49A3;0.0;0.0;0.0;77;0.6058611869812012;0.5
00:00:00.705;705;705;49A1;0.0;0.0;0.0;77;0.7058045864105225;0.5
00:00:00.706;706;706;49A2;7.0;8.45;0.0;77;0.7060222625732422;0.5
00:00:00.706;706;706;49A3;0.0;0.0;0.0;77;0.7061963081359863;0.5
00:00:00.806;806;806;49A1;0.0;0.0;0.0;77;0.8061115741729736;0.5
00:00:00.806;806;806;49A2;7.0;8.45;0.0;77;0.8062725067138672;0.5
00:00:00.806;806;806;49A3;0.0;0.0;0.0;77;0.8065807819366455;0.5
00:00:00.906;906;906;49A1;0.0;0.0;0.0;77;0.9064745903015137;0.5
00:00:00.906;906;906;49A2;7.0;8.45;0.0;77;0.9069232940673828;0.5
00:00:00.907;907;907;49A3;0.0;0.0;0.0;77;0.9071168899536133;0.5
00:00:01.006;1006;1006;49A1;0.0;0.0;0.0;77;1.0068492889404297;0.5
00:00:01.007;1007;1007;49A2;7.0;8.45;0.0;77;1.0071907043457031;0.5
00:00:01.007;1007;1007;49A3;0.0;0.0;0.0;77;1.0072376728057861;0.5
00:00:01.107;1107;1107;49A1;0.0;0.0;0.0;77;1.107034683227539;0.5
00:00:01.107;1107;1107;49A2;7.15;8.45;0.0;77;1.1076526641845703;0.5
00:00:01.107;1107;1107;49A3;0.0;0.0;0.0;77;1.1077404022216797;0.5
00:00:01.207;1207;1207;49A1;0.0;0.0;0.0;77;1.2072081565856934;0.5
00:00:01.208;1208;1208;49A2;7.35;8.45;0.0;77;1.2080106735229492;0.5
00:00:01.209;1209;1209;49A3;0.0;14.65;0.0;77;1.2090916633605957;0.5
00:00:01.307;1307;1307;49A1;0.0;0.0;0.0;77;1.3076255321502686;0.5
00:00:01.308;1308;1308;49A2;7.35;8.45;0.0;77;1.3085837364196777;0.5
00:00:01.309;1309;1309;49A3;0.15;14.65;0.0;77;1.309959888458252;0.5
00:00:01.408;1408;1408;49A1;0.0;0.0;0.0;77;1.4080255031585693;0.5
00:00:01.408;1408;1408;49A2;7.35;8.45;0.0;77;1.4087257385253906;0.5
00:00:01.410;1410;1410;49A3;0.15;14.65;0.0;77;1.410548210144043;0.5
00:00:01.508;1508;1508;49A1;0.0;0.0;0.0;77;1.5085508823394775;0.5
00:00:01.509;1509;1509;49A2;7.35;8.45;0.0;77;1.509021520614624;0.5
00:00:01.510;1510;1510;49A3;0.35;14.65;0.0;77;1.5109708309173584;0.5
00:00:01.609;1609;1609;49A2;7.35;8.45;0.0;77;1.6093251705169678;0.5
00:00:01.610;1610;1610;49A1;0.35;4.55;0.0;77;1.6100142002105713;0.5
00:00:01.611;1611;1611;49A3;0.5;14.5;0.0;77;1.6118404865264893;0.5
00:00:01.709;1709;1709;49A2;7.5;8.25;0.0;77;1.7095746994018555;0.5
00:00:01.710;1710;1710;49A1;0.35;4.55;0.0;77;1.7107267379760742;0.5
00:00:01.712;1712;1712;49A3;0.7;14.5;0.0;77;1.7129225730895996;0.5
00:00:01.810;1810;1810;49A2;7.5;8.25;0.0;77;1.8106255531311035;0.5
00:00:01.811;1811;1811;49A1;0.5;4.55;0.0;77;1.8113501071929932;0.5
00:00:01.813;1813;1813;49A3;0.7;14.5;0.0;77;1.813575029373169;0.5
00:00:01.911;1911;1911;49A1;0.5;4.55;0.0;77;1.911970853805542;0.5
00:00:01.911;1911;1911;49A2;7.5;8.25;0.0;77;1.9111528396606445;0.5
00:00:01.913;1913;1913;49A3;0.85;14.5;0.0;77;1.9137077331542969;0.5
00:00:02.011;2011;2011;49A2;7.7;8.25;0.0;77;2.0115082263946533;0.5
00:00:02.012;2012;2012;49A1;0.5;4.55;0.0;77;2.012366771697998;0.5
00:00:02.014;2014;2014;49A3;0.85;14.35;0.0;77;2.014664888381958;0.5
00:00:02.112;2112;2112;49A1;0.5;4.55;0.0;77;2.1127662658691406;0.5
00:00:02.112;2112;2112;49A2;7.7;8.25;0.0;77;2.1121633052825928;0.5
00:00:02.115;2115;2115;49A3;1.05;14.35;0.0;77;2.115278720855713;0.5
00:00:02.212;2212;2212;49A2;7.7;8.25;0.0;77;2.2125678062438965;0.5
00:00:02.213;2213;2213;49A1;0.85;4.4;0.0;77;2.2130792140960693;0.5
00:00:02.215;2215;2215;49A3;1.05;14.35;0.0;77;2.215853691101074;0.5
00:00:02.312;2312;2312;49A2;7.7;8.25;0.0;77;2.3129501342773438;0.5
00:00:02.314;2314;2314;49A1;0.85;4.4;0.0;77;2.31413197517395;0.5
00:00:02.316;2316;2316;49A3;1.2;14.15;0.0;77;2.3161299228668213;0.5
00:00:02.413;2413;2413;49A2;7.85;8.25;0.0;77;2.41390061378479;0.5
00:00:02.414;2414;2414;49A1;1.05;4.4;0.0;77;2.4148244857788086;0.5
00:00:02.416;2416;2416;49A3;1.4;14.15;0.0;77;2.4169998168945312;0.5
00:00:02.514;2514;2514;49A2;7.85;8.25;0.0;77;2.514352321624756;0.5
00:00:02.515;2515;2515;49A1;1.2;4.4;0.0;77;2.515662431716919;0.5
00:00:02.517;2517;2517;49A3;1.4;14.15;0.0;77;2.517697811126709;0.5
00:00:02.614;2614;2614;49A2;8.05;8.25;0.0;77;2.614774227142334;0.5
00:00:02.615;2615;2615;49A1;1.4;4.4;0.0;77;2.615934133529663;0.5
00:00:02.617;2617;2617;49A3;1.4;14.15;0.0;77;2.6178548336029053;0.5
00:00:02.715;2715;2715;49A2;8.05;8.25;0.0;77;2.7158145904541016;0.5
00:00:02.716;2716;2716;49A1;1.9;4.4;0.0;77;2.716799020767212;0.5
00:00:02.718;2718;2718;49A3;1.4;14.15;0.0;77;2.7184813022613525;0.5
00:00:02.816;2816;2816;49A2;8.05;8.25;0.0;77;2.816396713256836;0.5
00:00:02.817;2817;2817;49A1;1.9;4.4;0.0;77;2.817715883255005;0.5
00:00:02.818;2818;2818;49A3;1.4;14.15;0.0;77;2.818885087966919;0.5
00:00:02.916;2916;2916;49A2;8.2;8.4;0.0;77;2.916618585586548;0.5
00:00:02.917;2917;2917;49A1;1.9;4.4;0.0;77;2.917879819869995;0.5
00:00:02.919;2919;2919;49A3;1.55;14.15;0.0;77;2.919062614440918;0.5
00:00:03.017;3017;3017;49A2;8.2;8.4;0.0;77;3.01749849319458;0.5
00:00:03.018;3018;3018;49A1;1.9;4.4;0.0;77;3.018458366394043;0.5
00:00:03.020;3020;3020;49A3;1.75;14.15;0.0;77;3.0208933353424072;0.5
00:00:03.117;3117;3117;49A2;8.2;8.4;0.0;77;3.1177268028259277;0.5
00:00:03.119;3119;3119;49A1;2.1;4.4;0.0;77;3.119109630584717;0.5
00:00:03.121;3121;3121;49A3;1.75;14.0;0.0;77;3.12142014503479;0.5
00:00:03.218;3218;3218;49A2;8.4;8.4;0.0;77;3.21826434135437;0.5
00:00:03.220;3220;3220;49A1;2.1;4.4;0.0;77;3.2200565338134766;0.5
00:00:03.222;3222;3222;49A3;1.9;14.0;0.0;77;3.2220919132232666;0.5
00:00:03.319;3319;3319;49A2;8.55;8.4;0.0;77;3.3193376064300537;0.5
00:00:03.320;3320;3320;49A1;2.1;4.4;0.0;77;3.320685625076294;0.5
00:00:03.323;3323;3323;49A3;1.9;14.0;0.0;77;3.323190212249756;0.5
00:00:03.420;3420;3420;49A2;8.75;8.4;0.0;77;3.420030355453491;0.5
00:00:03.421;3421;3421;49A1;2.1;4.4;0.0;77;3.4212305545806885;0.5
00:00:03.424;3424;3424;49A3;2.25;14.0;0.0;77;3.4241840839385986;0.5
00:00:03.520;3520;3520;49A2;8.75;8.4;0.0;77;3.5206987857818604;0.5
00:00:03.521;3521;3521;49A1;2.25;4.4;0.0;77;3.5216522216796875;0.5
00:00:03.524;3524;3524;49A3;2.25;14.0;0.0;77;3.524745225906372;0.5
00:00:03.621;3621;3621;49A2;8.9;8.4;0.0;77;3.62104868888855;0.5
00:00:03.622;3622;3622;49A1;2.25;4.4;0.0;77;3.622793197631836;0.5
00:00:03.625;3625;3625;49A3;2.25;14.0;0.0;77;3.62552547454834;0.5
00:00:03.721;3721;3721;49A2;8.9;8.4;0.0;77;3.7219293117523193;0.5
00:00:03.722;3722;3722;49A1;2.25;4.4;0.0;77;3.7229533195495605;0.5
00:00:03.726;3726;3726;49A3;2.45;14.0;0.0;77;3.7261667251586914;0.5
00:00:03.822;3822;3822;49A2;9.1;8.4;0.0;77;3.8225555419921875;0.5
00:00:03.823;3823;3823;49A1;2.45;4.4;0.0;77;3.823089838027954;0.5
00:00:03.826;3826;3826;49A3;2.8;14.3;0.0;77;3.826821804046631;0.5
00:00:03.923;3923;3923;49A1;2.6;4.4;0.0;77;3.923722505569458;0.5
00:00:03.923;3923;3923;49A2;9.25;8.4;0.0;77;3.9236040115356445;0.5
00:00:03.927;3927;3927;49A3;3.15;14.3;0.0;77;3.9275686740875244;0.5
00:00:04.024;4024;4024;49A2;9.25;8.4;0.0;77;4.024386405944824;0.5
00:00:04.025;4025;4025;49A1;2.8;4.4;0.0;77;4.025252103805542;0.5
00:00:04.029;4029;4029;49A3;3.15;14.5;0.0;77;4.029123544692993;0.5
00:00:04.124;4124;4124;49A2;9.25;8.4;0.0;77;4.124610424041748;0.5
00:00:04.125;4125;4125;49A1;2.8;4.4;0.0;77;4.12564492225647;0.5
00:00:04.129;4129;4129;49A3;3.15;14.5;0.0;77;4.129683256149292;0.5
00:00:04.224;4224;4224;49A2;9.25;8.4;0.0;77;4.224890232086182;0.5
00:00:04.225;4225;4225;49A1;2.8;4.4;0.0;77;4.225809812545776;0.5
00:00:04.229;4229;4229;49A3;3.5;14.5;0.0;77;4.229914903640747;0.5
00:00:04.325;4325;4325;49A2;9.25;8.6;0.0;77;4.325409412384033;0.5
00:00:04.326;4326;4326;49A1;2.8;4.4;0.0;77;4.326376676559448;0.5
00:00:04.330;4330;4330;49A3;3.65;14.5;0.0;77;4.330940246582031;0.5
00:00:04.426;4426;4426;49A1;2.8;4.4;0.0;77;4.426798582077026;0.5
00:00:04.426;4426;4426;49A2;9.45;8.6;0.0;77;4.426095962524414;0.5
00:00:04.431;4431;4431;49A3;3.65;14.5;0.0;77;4.4316630363464355;0.5
00:00:04.526;4526;4526;49A2;9.6;8.6;0.0;77;4.5269691944122314;0.5
00:00:04.527;4527;4527;49A1;2.8;4.25;0.0;77;4.527220010757446;0.5
00:00:04.531;4531;4531;49A3;3.65;14.5;0.0;77;4.53188419342041;0.5
00:00:04.628;4628;4628;49A1;2.8;4.25;0.0;77;4.628261566162109;0.5
00:00:04.628;4628;4628;49A2;9.95;8.6;0.0;77;4.628002882003784;0.5
00:00:04.632;4632;4632;49A3;3.65;14.5;0.0;77;4.63239312171936;0.5
00:00:04.729;4729;4729;49A1;2.95;4.25;0.0;77;4.729491710662842;0.5
00:00:04.729;4729;4729;49A2;9.95;8.6;0.0;77;4.729062557220459;0.5
00:00:04.732;4732;4732;49A3;3.65;14.35;0.0;77;4.732942342758179;0.5
00:00:04.829;4829;4829;49A1;3.15;4.25;0.0;77;4.829969644546509;0.5
00:00:04.829;4829;4829;49A2;9.95;8.6;0.0;77;4.829669713973999;0.5
00:00:04.833;4833;4833;49A3;3.85;14.35;0.0;77;4.8339128494262695;0.5
00:00:04.929;4929;4929;49A2;10.15;8.6;0.0;77;4.929891347885132;0.5
00:00:04.931;4931;4931;49A1;3.15;4.25;0.0;77;4.931055784225464;0.5
00:00:04.934;4934;4934;49A3;4.0;14.35;0.0;77;4.9347429275512695;0.5
00:00:05.030;5030;5030;49A2;10.3;8.6;0.0;77;5.030697822570801;0.5
00:00:05.031;5031;5031;49A1;3.15;4.25;0.0;77;5.031191349029541;0.5
00:00:05.035;5035;5035;49A3;4.0;14.35;0.0;77;5.035877704620361;0.5
00:00:05.131;5131;5131;49A1;3.15;4.25;0.0;77;5.131697654724121;0.5
00:00:05.131;5131;5131;49A2;10.5;8.6;0.0;77;5.1317219734191895;0.5
00:00:05.136;5136;5136;49A3;4.2;14.15;0.0;77;5.136879920959473;0.5
00:00:05.231;5231;5231;49A1;3.5;4.25;0.0;77;5.231827735900879;0.5
00:00:05.232;5232;5232;49A2;10.5;8.6;0.0;77;5.232734203338623;0.5
00:00:05.237;5237;5237;49A3;4.35;14.15;0.0;77;5.237439393997192;0.5
00:00:05.333;5333;5333;49A1;3.5;4.25;0.0;77;5.333019971847534;0.5
00:00:05.333;5333;5333;49A2;10.65;8.75;0.0;77;5.33358097076416;0.5
00:00:05.339;5339;5339;49A3;4.7;14.15;0.0;77;5.339182138442993;0.5
00:00:05.433;5433;5433;49A1;3.5;4.25;0.0;77;5.433180570602417;0.5
00:00:05.434;5434;5434;49A2;10.85;8.95;0.0;77;5.434007883071899;0.5
00:00:05.439;5439;5439;49A3;4.7;14.15;0.0;77;5.439493179321289;0.5
00:00:05.533;5533;5533;49A1;3.5;4.25;0.0;77;5.533576726913452;0.5
00:00:05.534;5534;5534;49A2;10.85;8.95;0.0;77;5.534863233566284;0.5
00:00:05.539;5539;5539;49A3;4.7;14.15;0.0;77;5.539841651916504;0.5
00:00:05.633;5633;5633;49A1;3.5;4.05;0.0;77;5.633892297744751;0.5
00:00:05.635;5635;5635;49A2;11.0;8.95;0.0;77;5.635510206222534;0.5
00:00:05.640;5640;5640;49A3;4.9;14.15;0.0;77;5.640151262283325;0.5
00:00:05.734;5734;5734;49A1;3.5;4.05;0.0;77;5.734835147857666;0.5
00:00:05.736;5736;5736;49A2;11.55;8.95;0.0;77;5.7365028858184814;0.5
00:00:05.740;5740;5740;49A3;4.9;14.15;0.0;77;5.740987300872803;0.5
00:00:05.835;5835;5835;49A1;3.65;4.05;0.0;77;5.835062742233276;0.5
00:00:05.837;5837;5837;49A2;11.9;8.95;0.0;77;5.837373495101929;0.5
00:00:05.841;5841;5841;49A3;5.25;14.15;0.0;77;5.841598987579346;0.5
00:00:05.935;5935;5935;49A1;3.85;4.2;0.0;77;5.935942888259888;0.5
00:00:05.938;5938;5938;49A2;12.05;8.95;0.0;77;5.938384771347046;0.5
00:00:05.942;5942;5942;49A3;5.4;14.15;0.0;77;5.9422526359558105;0.5
00:00:06.037;6037;6037;49A1;4.0;4.2;0.0;77;6.037074565887451;0.5
00:00:06.039;6039;6039;49A2;12.05;8.95;0.0;77;6.039201021194458;0.5
00:00:06.043;6043;6043;49A3;5.4;14.15;0.0;77;6.043384790420532;0.5
00:00:06.138;6138;6138;49A1;4.0;4.2;0.0;77;6.138072967529297;0.5
00:00:06.139;6139;6139;49A2;12.4;8.95;0.0;77;6.139635801315308;0.5
00:00:06.143;6143;6143;49A3;5.4;14.15;0.0;77;6.143965482711792;0.5
00:00:06.238;6238;6238;49A1;4.0;4.2;0.0;77;6.238610744476318;0.5
00:00:06.240;6240;6240;49A2;12.4;8.95;0.0;77;6.240452766418457;0.5
00:00:06.244;6244;6244;49A3;5.6;14.15;0.0;77;6.244469881057739;0.5
00:00:06.338;6338;6338;49A1;4.35;4.2;0.0;77;6.338897466659546;0.5
00:00:06.341;6341;6341;49A2;12.4;8.95;0.0;77;6.341135263442993;0.5
00:00:06.345;6345;6345;49A3;6.1;14.15;0.0;77;6.3456292152404785;0.5
00:00:06.439;6439;6439;49A1;4.55;4.2;0.0;77;6.439798593521118;0.5
00:00:06.441;6441;6441;49A2;12.4;8.95;0.0;77;6.44174599647522;0.5
00:00:06.446;6446;6446;49A3;6.1;14.15;0.0;77;6.446742057800293;0.5
00:00:06.540;6540;6540;49A1;4.7;4.4;0.0;77;6.5406036376953125;0.5
00:00:06.542;6542;6542;49A2;12.4;8.95;0.0;77;6.542254209518433;0.5
00:00:06.547;6547;6547;49A3;6.1;14.15;0.0;77;6.547080755233765;0.5
00:00:06.641;6641;6641;49A1;4.9;4.4;0.0;77;6.641606330871582;0.5
00:00:06.642;6642;6642;49A2;12.4;8.95;0.0;77;6.64249062538147;0.5
00:00:06.647;6647;6647;49A3;6.3;14.15;0.0;77;6.647277355194092;0.5
00:00:06.742;6742;6742;49A1;4.9;4.4;0.0;77;6.742673873901367;0.5
00:00:06.743;6743;6743;49A2;12.4;8.8;0.0;77;6.743287563323975;0.5
00:00:06.748;6748;6748;49A3;6.3;14.15;0.0;77;6.748319864273071;0.5
00:00:06.843;6843;6843;49A1;5.05;4.4;0.0;77;6.843115329742432;0.5
00:00:06.843;6843;6843;49A2;12.4;8.8;0.0;77;6.843607664108276;0.5
00:00:06.848;6848;6848;49A3;6.3;14.15;0.0;77;6.848856210708618;0.5
00:00:06.943;6943;6943;49A2;12.6;8.8;0.0;77;6.9439697265625;0.5
00:00:06.944;6944;6944;49A1;5.05;4.4;0.0;77;6.944695234298706;0.5
00:00:06.949;6949;6949;49A3;6.3;14.15;0.0;77;6.949382781982422;0.5
00:00:07.044;7044;7044;49A2;12.6;8.8;0.0;77;7.044924974441528;0.5
00:00:07.045;7045;7045;49A1;5.25;4.4;0.0;77;7.045186519622803;0.5
00:00:07.049;7049;7049;49A3;6.3;14.15;0.0;77;7.049861907958984;0.5
00:00:07.145;7145;7145;49A1;5.75;4.4;0.0;77;7.145855903625488;0.5
00:00:07.145;7145;7145;49A2;12.6;8.8;0.0;77;7.145579099655151;0.5
00:00:07.150;7150;7150;49A3;6.3;14.15;0.0;77;7.150261878967285;0.5
00:00:07.246;7246;7246;49A2;12.75;8.8;0.0;77;7.24605131149292;0.5
00:00:07.247;7247;7247;49A1;5.75;4.4;0.0;77;7.247105836868286;0.5
00:00:07.250;7250;7250;49A3;6.65;14.15;0.0;77;7.250723838806152;0.5
00:00:07.346;7346;7346;49A2;12.75;8.8;0.0;77;7.346866846084595;0.5
00:00:07.347;7347;7347;49A1;6.3;4.4;0.0;77;7.3475799560546875;0.5
00:00:07.351;7351;7351;49A3;7.15;14.3;0.0;77;7.351313829421997;0.5
00:00:07.447;7447;7447;49A2;12.95;8.8;0.0;77;7.447143077850342;0.5
00:00:07.448;7448;7448;49A1;6.8;4.4;0.0;77;7.448647737503052;0.5
00:00:07.452;7452;7452;49A3;7.5;14.3;0.0;77;7.452021360397339;0.5
00:00:07.548;7548;7548;49A2;13.3;8.8;0.0;77;7.548114776611328;0.5
00:00:07.549;7549;7549;49A1;7.0;4.4;0.0;77;7.549441814422607;0.5
00:00:07.552;7552;7552;49A3;7.5;14.3;0.0;77;7.5526909828186035;0.5
00:00:07.648;7648;7648;49A2;13.45;8.8;0.0;77;7.648955583572388;0.5
00:00:07.650;7650;7650;49A1;7.0;4.4;0.0;77;7.65026068687439;0.5
00:00:07.653;7653;7653;49A3;7.5;14.3;0.0;77;7.653316974639893;0.5
00:00:07.750;7750;7750;49A1;7.15;4.4;0.0;77;7.750558614730835;0.5
00:00:07.750;7750;7750;49A2;13.65;8.8;0.0;77;7.7501747608184814;0.5
00:00:07.753;7753;7753;49A3;7.5;14.3;0.0;77;7.753891468048096;0.5
00:00:07.851;7851;7851;49A1;7.15;4.4;0.0;77;7.851323366165161;0.5
00:00:07.851;7851;7851;49A2;13.8;8.8;0.0;77;7.8512444496154785;0.5
00:00:07.854;7854;7854;49A3;7.85;14.3;0.0;77;7.854200839996338;0.5
00:00:07.951;7951;7951;49A1;7.35;4.4;0.0;77;7.951548337936401;0.5
00:00:07.951;7951;7951;49A2;13.8;8.8;0.0;77;7.951479434967041;0.5
00:00:07.955;7955;7955;49A3;8.05;14.3;0.0;77;7.955092668533325;0.5
00:00:08.051;8051;8051;49A2;14.0;8.8;0.0;77;8.051841020584106;0.5
00:00:08.052;8052;8052;49A1;7.35;4.4;0.0;77;8.05256986618042;0.5
00:00:08.055;8055;8055;49A3;8.2;14.3;0.0;77;8.05574655532837;0.5
00:00:08.152;8152;8152;49A2;14.0;8.8;0.0;77;8.152899265289307;0.5
00:00:08.153;8153;8153;49A1;7.7;4.4;0.0;77;8.153077840805054;0.5
00:00:08.156;8156;8156;49A3;8.2;14.3;0.0;77;8.15650224685669;0.5
00:00:08.253;8253;8253;49A1;7.85;4.4;0.0;77;8.253735065460205;0.5
00:00:08.253;8253;8253;49A2;14.15;8.6;0.0;77;8.253578186035156;0.5
00:00:08.256;8256;8256;49A3;8.2;14.3;0.0;77;8.256920099258423;0.5
00:00:08.354;8354;8354;49A1;7.85;4.4;0.0;77;8.354825973510742;0.5
00:00:08.354;8354;8354;49A2;14.35;8.6;0.0;77;8.354099988937378;0.5
00:00:08.357;8357;8357;49A3;8.2;14.3;0.0;77;8.357399940490723;0.5
00:00:08.455;8455;8455;49A1;7.85;4.4;0.0;77;8.455432891845703;0.5
00:00:08.455;8455;8455;49A2;14.5;8.45;0.0;77;8.455018520355225;0.5
00:00:08.458;8458;8458;49A3;8.2;14.15;0.0;77;8.458009004592896;0.5
00:00:08.555;8555;8555;49A1;8.05;4.4;0.0;77;8.555782079696655;0.5
00:00:08.556;8556;8556;49A2;14.5;8.45;0.0;77;8.556012392044067;0.5
00:00:08.559;8559;8559;49A3;8.4;14.15;0.0;77;8.559039115905762;0.5
00:00:08.656;8656;8656;49A1;8.05;4.25;0.0;77;8.656603336334229;0.5
00:00:08.656;8656;8656;49A2;14.5;8.45;0.0;77;8.656180381774902;0.5
00:00:08.659;8659;8659;49A3;8.55;14.15;0.0;77;8.659977912902832;0.5
00:00:08.756;8756;8756;49A2;14.5;8.45;0.0;77;8.756749391555786;0.5
00:00:08.757;8757;8757;49A1;8.05;4.25;0.0;77;8.757260084152222;0.5
00:00:08.760;8760;8760;49A3;9.25;14.15;0.0;77;8.760864734649658;0.5
00:00:08.857;8857;8857;49A1;8.05;4.25;0.0;77;8.85763931274414;0.5
00:00:08.857;8857;8857;49A2;14.5;8.45;0.0;77;8.85731840133667;0.5
00:00:08.861;8861;8861;49A3;9.25;14.3;0.0;77;8.861464738845825;0.5
00:00:08.957;8957;8957;49A1;8.05;4.25;0.0;77;8.957963705062866;0.5
00:00:08.957;8957;8957;49A2;14.7;8.45;0.0;77;8.957745552062988;0.5
00:00:08.962;8962;8962;49A3;9.25;14.3;0.0;77;8.962249040603638;0.5
00:00:09.058;9058;9058;49A1;8.4;4.25;0.0;77;9.058454513549805;0.5
00:00:09.058;9058;9058;49A2;14.7;8.45;0.0;77;9.058736085891724;0.5
00:00:09.062;9062;9062;49A3;9.25;14.3;0.0;77;9.062386989593506;0.5
00:00:09.159;9159;9159;49A2;14.7;8.45;0.0;77;9.159293174743652;0.5
00:00:09.160;9160;9160;49A1;8.4;4.05;0.0;77;9.16005802154541;0.5
00:00:09.162;9162;9162;49A3;9.45;14.3;0.0;77;9.162761211395264;0.5
00:00:09.259;9259;9259;49A2;14.85;8.45;0.0;77;9.259493112564087;0.5
00:00:09.260;9260;9260;49A1;8.4;4.05;0.0;77;9.26096796989441;0.5
00:00:09.264;9264;9264;49A3;9.45;14.15;0.0;77;9.264038801193237;0.5
00:00:09.360;9360;9360;49A2;15.2;8.45;0.0;77;9.36061954498291;0.5
00:00:09.361;9361;9361;49A1;8.75;4.05;0.0;77;9.361201286315918;0.5
00:00:09.364;9364;9364;49A3;9.8;14.0;0.0;77;9.364612817764282;0.5
00:00:09.461;9461;9461;49A1;8.9;4.05;0.0;77;9.46180248260498;0.5
00:00:09.461;9461;9461;49A2;15.4;8.45;0.0;77;9.46192741394043;0.5
00:00:09.465;9465;9465;49A3;9.8;14.0;0.0;77;9.465587615966797;0.5
00:00:09.562;9562;9562;49A1;8.9;4.05;0.0;77;9.562468528747559;0.5
00:00:09.562;9562;9562;49A2;15.4;8.45;0.0;77;9.56296706199646;0.5
00:00:09.566;9566;9566;49A3;9.95;13.8;0.0;77;9.566035032272339;0.5
00:00:09.663;9663;9663;49A1;9.1;4.05;0.0;77;9.663403749465942;0.5
00:00:09.663;9663;9663;49A2;15.4;8.45;0.0;77;9.663259267807007;0.5
00:00:09.666;9666;9666;49A3;9.95;13.8;0.0;77;9.666897535324097;0.5
00:00:09.763;9763;9763;49A2;15.55;8.45;0.0;77;9.763698101043701;0.5
00:00:09.764;9764;9764;49A1;9.1;4.05;0.0;77;9.76409363746643;0.5
00:00:09.767;9767;9767;49A3;9.95;13.8;0.0;77;9.76716661453247;0.5
00:00:09.864;9864;9864;49A1;9.25;4.05;0.0;77;9.864325761795044;0.5
00:00:09.864;9864;9864;49A2;15.55;8.6;0.0;77;9.86452031135559;0.5
00:00:09.867;9867;9867;49A3;10.3;13.8;0.0;77;9.86728811264038;0.5
00:00:09.965;9965;9965;49A1;9.25;4.05;0.0;77;9.965482473373413;0.5
00:00:09.965;9965;9965;49A2;15.9;8.75;0.0;77;9.965667247772217;0.5
00:00:09.968;9968;9968;49A3;10.5;13.8;0.0;77;9.968273401260376;0.5
00:00:10.065;10065;10065;49A1;9.45;4.05;0.0;77;10.065746068954468;0.5
00:00:10.065;10065;10065;49A2;16.1;8.75;0.0;77;10.065959453582764;0.5
00:00:10.069;10069;10069;49A3;10.85;13.95;0.0;77;10.069500207901001;0.5
00:00:10.166;10166;10166;49A1;9.45;4.05;0.0;77;10.166945219039917;0.5
00:00:10.166;10166;10166;49A2;16.1;8.75;0.0;77;10.166890144348145;0.5
00:00:10.169;10169;10169;49A3;11.0;13.95;0.0;77;10.169878959655762;0.5
00:00:10.267;10267;10267;49A1;9.6;4.05;0.0;77;10.267201662063599;0.5
00:00:10.267;10267;10267;49A2;16.25;8.75;0.0;77;10.26741361618042;0.5
00:00:10.270;10270;10270;49A3;11.0;13.95;0.0;77;10.270847797393799;0.5
00:00:10.368;10368;10368;49A1;9.6;4.05;0.0;77;10.368423461914062;0.5
00:00:10.368;10368;10368;49A2;16.45;8.75;0.0;77;10.368469715118408;0.5
00:00:10.371;10371;10371;49A3;11.2;13.95;0.0;77;10.371886014938354;0.5
00:00:10.469;10469;10469;49A1;9.6;4.05;0.0;77;10.469033241271973;0.5
00:00:10.469;10469;10469;49A2;16.45;8.75;0.0;77;10.469179153442383;0.5
00:00:10.472;10472;10472;49A3;11.2;13.95;0.0;77;10.472675800323486;0.5
00:00:10.569;10569;10569;49A1;9.6;4.05;0.0;77;10.56919550895691;0.5
00:00:10.569;10569;10569;49A2;16.45;8.75;0.0;77;10.569406032562256;0.5
00:00:10.572;10572;10572;49A3;11.35;13.95;0.0;77;10.572922706604004;0.5
00:00:10.669;10669;10669;49A1;9.6;4.05;0.0;77;10.669363260269165;0.5
00:00:10.669;10669;10669;49A2;16.6;8.75;0.0;77;10.669832229614258;0.5
00:00:10.673;10673;10673;49A3;11.35;13.95;0.0;77;10.673510074615479;0.5
00:00:10.769;10769;10769;49A1;9.6;4.05;0.0;77;10.76999545097351;0.5
00:00:10.770;10770;10770;49A2;16.6;8.75;0.0;77;10.770584344863892;0.5
00:00:10.773;10773;10773;49A3;11.35;13.95;0.0;77;10.773862838745117;0.5
00:00:10.870;10870;10870;49A1;9.8;4.05;0.0;77;10.87092638015747;0.5
00:00:10.870;10870;10870;49A2;16.6;8.75;0.0;77;10.870866298675537;0.5
00:00:10.874;10874;10874;49A3;11.55;13.95;0.0;77;10.874424695968628;0.5
00:00:10.971;10971;10971;49A1;9.95;4.05;0.0;77;10.971516609191895;0.5
00:00:10.971;10971;10971;49A2;16.6;8.75;0.0;77;10.971121788024902;0.5
00:00:10.975;10975;10975;49A3;11.7;13.95;0.0;77;10.975104808807373;0.5
00:00:11.071;11071;11071;49A2;16.8;8.6;0.0;77;11.071441411972046;0.5
00:00:11.072;11072;11072;49A1;9.95;4.05;0.0;77;11.072392463684082;0.5
00:00:11.076;11076;11076;49A3;11.7;14.15;0.0;77;11.07629919052124;0.5
00:00:11.172;11172;11172;49A1;9.95;4.05;0.0;77;11.172575950622559;0.5
00:00:11.172;11172;11172;49A2;16.95;8.6;0.0;77;11.172300100326538;0.5
00:00:11.177;11177;11177;49A3;11.9;14.15;0.0;77;11.177701711654663;0.5
00:00:11.272;11272;11272;49A1;10.15;4.05;0.0;77;11.272972106933594;0.5
00:00:11.273;11273;11273;49A2;17.15;8.6;0.0;77;11.273794412612915;0.5
00:00:11.278;11278;11278;49A3;11.9;14.15;0.0;77;11.278125762939453;0.5
00:00:11.374;11374;11374;49A1;10.15;4.05;0.0;77;11.374089241027832;0.5
00:00:11.374;11374;11374;49A2;17.65;8.6;0.0;77;11.374164819717407;0.5
00:00:11.378;11378;11378;49A3;12.05;14.15;0.0;77;11.378836154937744;0.5
00:00:11.474;11474;11474;49A1;10.15;4.05;0.0;77;11.474384307861328;0.5
00:00:11.475;11475;11475;49A2;17.85;8.75;0.0;77;11.475225448608398;0.5
00:00:11.479;11479;11479;49A3;12.4;14.15;0.0;77;11.479525327682495;0.5
00:00:11.575;11575;11575;49A1;10.3;4.05;0.0;77;11.57506275177002;0.5
00:00:11.576;11576;11576;49A2;18.0;9.1;0.0;77;11.576292753219604;0.5
00:00:11.580;11580;11580;49A3;12.6;14.3;0.0;77;11.580402612686157;0.5
00:00:11.675;11675;11675;49A1;10.3;4.05;0.0;77;11.675628900527954;0.5
00:00:11.677;11677;11677;49A2;18.2;9.1;0.0;77;11.677395820617676;0.5
00:00:11.681;11681;11681;49A3;12.75;14.3;0.0;77;11.681921482086182;0.5
00:00:11.776;11776;11776;49A1;10.3;4.05;0.0;77;11.776113986968994;0.5
00:00:11.778;11778;11778;49A2;18.2;9.1;0.0;77;11.77819013595581;0.5
00:00:11.782;11782;11782;49A3;12.75;14.3;0.0;77;11.782338380813599;0.5
00:00:11.876;11876;11876;49A1;10.5;4.05;0.0;77;11.87670350074768;0.5
00:00:11.878;11878;11878;49A2;18.35;9.1;0.0;77;11.878485679626465;0.5
00:00:11.882;11882;11882;49A3;12.95;14.3;0.0;77;11.88258171081543;0.5
00:00:11.977;11977;11977;49A1;10.65;4.05;0.0;77;11.97742247581482;0.5
00:00:11.979;11979;11979;49A2;18.55;8.95;0.0;77;11.979530572891235;0.5
00:00:11.984;11984;11984;49A3;13.1;14.3;0.0;77;11.984046936035156;0.5
00:00:12.078;12078;12078;49A1;11.35;4.05;0.0;77;12.078486442565918;0.5
00:00:12.080;12080;12080;49A2;18.55;8.95;0.0;77;12.080337047576904;0.5
00:00:12.084;12084;12084;49A3;13.3;14.3;0.0;77;12.08448338508606;0.5
00:00:12.179;12179;12179;49A1;11.55;4.05;0.0;77;12.179815769195557;0.5
00:00:12.180;12180;12180;49A2;18.55;8.95;0.0;77;12.180614233016968;0.5
00:00:12.185;12185;12185;49A3;13.3;14.3;0.0;77;12.185409545898438;0.5
00:00:12.280;12280;12280;49A1;11.55;4.05;0.0;77;12.280365467071533;0.5
00:00:12.280;12280;12280;49A2;18.7;8.95;0.0;77;12.28083086013794;0.5
00:00:12.286;12286;12286;49A3;13.45;14.3;0.0;77;12.286515951156616;0.5
00:00:12.380;12380;12380;49A1;11.55;4.05;0.0;77;12.380552768707275;0.5
00:00:12.382;12382;12382;49A2;18.9;8.95;0.0;77;12.382402181625366;0.5
00:00:12.387;12387;12387;49A3;13.45;14.3;0.0;77;12.387212991714478;0.5
00:00:12.480;12480;12480;49A1;11.55;4.05;0.0;77;12.4806969165802;0.5
00:00:12.483;12483;12483;49A2;18.9;8.95;0.0;77;12.483184337615967;0.5
00:00:12.487;12487;12487;49A3;13.45;14.3;0.0;77;12.487441301345825;0.5
00:00:12.580;12580;12580;49A1;11.55;4.05;0.0;77;12.5809965133667;0.5
00:00:12.583;12583;12583;49A2;18.9;8.95;0.0;77;12.583763599395752;0.5
00:00:12.587;12587;12587;49A3;13.45;14.3;0.0;77;12.587760210037231;0.5
00:00:12.681;12681;12681;49A1;11.55;4.05;0.0;77;12.681360960006714;0.5
00:00:12.684;12684;12684;49A2;18.9;8.95;0.0;77;12.684193134307861;0.5
00:00:12.688;12688;12688;49A3;14.0;14.3;0.0;77;12.68853235244751;0.5
00:00:12.782;12782;12782;49A1;11.7;4.05;0.0;77;12.782295227050781;0.5
00:00:12.784;12784;12784;49A2;19.6;8.95;0.0;77;12.78463339805603;0.5
00:00:12.789;12789;12789;49A3;14.15;14.3;0.0;77;12.789497137069702;0.5
00:00:12.882;12882;12882;49A1;11.7;4.05;0.0;77;12.882592916488647;0.5
00:00:12.885;12885;12885;49A2;20.45;8.95;0.0;77;12.885780334472656;0.5
00:00:12.890;12890;12890;49A3;14.15;14.3;0.0;77;12.890537023544312;0.5
00:00:12.983;12983;12983;49A1;12.05;3.9;0.0;77;12.983032464981079;0.5
00:00:12.986;12986;12986;49A2;20.45;8.95;0.0;77;12.986198663711548;0.5
00:00:12.990;12990;12990;49A3;14.35;14.3;0.0;77;12.990946054458618;0.5
00:00:13.084;13084;13084;49A1;12.25;3.9;0.0;77;13.08411192893982;0.5
00:00:13.086;13086;13086;49A2;20.65;9.1;0.0;77;13.08650016784668;0.5
00:00:13.091;13091;13091;49A3;14.5;14.3;0.0;77;13.091763734817505;0.5
00:00:13.185;13185;13185;49A1;12.25;3.7;0.0;77;13.185435771942139;0.5
00:00:13.187;13187;13187;49A2;20.8;9.1;0.0;77;13.187785625457764;0.5
00:00:13.192;13192;13192;49A3;14.85;14.3;0.0;77;13.192508697509766;0.5
00:00:13.285;13285;13285;49A1;12.25;3.7;0.0;77;13.285974025726318;0.5
00:00:13.288;13288;13288;49A2;20.8;9.1;0.0;77;13.288444995880127;0.5
00:00:13.293;13293;13293;49A3;14.85;14.3;0.0;77;13.293345212936401;0.5
00:00:13.386;13386;13386;49A1;12.25;3.7;0.0;77;13.386357307434082;0.5
00:00:13.389;13389;13389;49A2;21.0;9.1;0.0;77;13.389498710632324;0.5
00:00:13.393;13393;13393;49A3;14.85;14.3;0.0;77;13.393823623657227;0.5
00:00:13.486;13486;13486;49A1;12.75;3.7;0.0;77;13.486748456954956;0.5
00:00:13.490;13490;13490;49A2;21.0;9.1;0.0;77;13.490099668502808;0.5
00:00:13.494;13494;13494;49A3;14.85;14.3;0.0;77;13.494439840316772;0.5
00:00:13.587;13587;13587;49A1;12.95;3.7;0.0;77;13.587762832641602;0.5
00:00:13.590;13590;13590;49A2;21.0;9.1;0.0;77;13.590385913848877;0.5
00:00:13.594;13594;13594;49A3;14.85;14.3;0.0;77;13.594974517822266;0.5
00:00:13.688;13688;13688;49A1;12.95;3.7;0.0;77;13.688716888427734;0.5
00:00:13.690;13690;13690;49A2;21.0;9.1;0.0;77;13.690974235534668;0.5
00:00:13.695;13695;13695;49A3;14.85;14.3;0.0;77;13.695104598999023;0.5
00:00:13.789;13789;13789;49A1;12.95;3.7;0.0;77;13.789235353469849;0.5
00:00:13.791;13791;13791;49A2;21.15;9.1;0.0;77;13.791362285614014;0.5
00:00:13.795;13795;13795;49A3;14.85;14.3;0.0;77;13.79556393623352;0.5
00:00:13.889;13889;13889;49A1;13.1;3.7;0.0;77;13.889469861984253;0.5
00:00:13.892;13892;13892;49A2;21.35;9.1;0.0;77;13.892549514770508;0.5
00:00:13.896;13896;13896;49A3;15.05;14.3;0.0;77;13.896156072616577;0.5
00:00:13.990;13990;13990;49A1;13.1;3.7;0.0;77;13.990322351455688;0.5
00:00:13.992;13992;13992;49A2;21.5;9.1;0.0;77;13.99296522140503;0.5
00:00:13.997;13997;13997;49A3;15.05;14.5;0.0;77;13.99717926979065;0.5
00:00:14.090;14090;14090;49A1;13.1;3.7;0.0;77;14.090955972671509;0.5
00:00:14.094;14094;14094;49A2;21.5;8.95;0.0;77;14.094053745269775;0.5
00:00:14.097;14097;14097;49A3;15.55;14.65;0.0;77;14.097997188568115;0.5
00:00:14.191;14191;14191;49A1;13.1;3.7;0.0;77;14.191374778747559;0.5
00:00:14.194;14194;14194;49A2;21.7;8.8;0.0;77;14.19472050666809;0.5
00:00:14.198;14198;14198;49A3;15.55;14.65;0.0;77;14.198805809020996;0.5
00:00:14.291;14291;14291;49A1;13.1;3.7;0.0;77;14.291793823242188;0.5
00:00:14.295;14295;14295;49A2;21.85;8.8;0.0;77;14.295659065246582;0.5
00:00:14.299;14299;14299;49A3;15.75;14.65;0.0;77;14.299479007720947;0.5
00:00:14.392;14392;14392;49A1;13.1;3.7;0.0;77;14.392383575439453;0.5
00:00:14.396;14396;14396;49A2;21.85;8.8;0.0;77;14.396683692932129;0.5
00:00:14.399;14399;14399;49A3;15.9;14.65;0.0;77;14.399768829345703;0.5
00:00:14.492;14492;14492;49A1;13.3;3.7;0.0;77;14.49263310432434;0.5
00:00:14.496;14496;14496;49A2;22.4;8.8;0.0;77;14.496878147125244;0.5
00:00:14.500;14500;14500;49A3;15.9;14.65;0.0;77;14.500991821289062;0.5
00:00:14.593;14593;14593;49A1;13.65;3.7;0.0;77;14.59334397315979;0.5
00:00:14.597;14597;14597;49A2;22.75;8.95;0.0;77;14.597569942474365;0.5
00:00:14.601;14601;14601;49A3;15.9;14.65;0.0;77;14.601438760757446;0.5
00:00:14.694;14694;14694;49A1;14.15;3.85;0.0;77;14.694358825683594;0.5
00:00:14.698;14698;14698;49A2;23.1;8.95;0.0;77;14.698545932769775;0.5
00:00:14.701;14701;14701;49A3;16.45;14.65;0.0;77;14.701621532440186;0.5
00:00:14.795;14795;14795;49A1;14.35;3.85;0.0;77;14.79549789428711;0.5
00:00:14.799;14799;14799;49A2;23.1;8.95;0.0;77;14.799644947052002;0.5
00:00:14.802;14802;14802;49A3;16.6;14.65;0.0;77;14.802999258041382;0.5
00:00:14.896;14896;14896;49A1;14.35;3.85;0.0;77;14.896180391311646;0.5
00:00:14.899;14899;14899;49A2;23.1;8.95;0.0;77;14.899893045425415;0.5
00:00:14.903;14903;14903;49A3;16.6;14.65;0.0;77;14.903477191925049;0.5
00:00:14.996;14996;14996;49A1;14.35;3.85;0.0;77;14.996596574783325;0.5
00:00:15.000;15000;15000;49A2;23.1;8.95;0.0;77;15.000078201293945;0.5
00:00:15.003;15003;15003;49A3;16.8;14.65;0.0;77;15.003634929656982;0.5
00:00:15.097;15097;15097;49A1;14.5;3.85;0.0;77;15.097643852233887;0.5
00:00:15.100;15100;15100;49A2;23.25;8.95;0.0;77;15.100660800933838;0.5
00:00:15.104;15104;15104;49A3;16.95;14.65;0.0;77;15.10451078414917;0.5
00:00:15.197;15197;15197;49A1;14.85;4.05;0.0;77;15.197892904281616;0.5
00:00:15.201;15201;15201;49A2;23.6;8.95;0.0;77;15.201781749725342;0.5
00:00:15.205;15205;15205;49A3;17.15;14.65;0.0;77;15.205575466156006;0.5
00:00:15.299;15299;15299;49A1;15.05;4.05;0.0;77;15.299010753631592;0.5
00:00:15.302;15302;15302;49A2;23.8;8.95;0.0;77;15.302499532699585;0.5
00:00:15.306;15306;15306;49A3;17.3;14.65;0.0;77;15.306639671325684;0.5
00:00:15.399;15399;15399;49A1;15.05;4.05;0.0;77;15.399800300598145;0.5
00:00:15.403;15403;15403;49A2;23.95;9.1;0.0;77;15.403888463973999;0.5
00:00:15.407;15407;15407;49A3;17.3;14.65;0.0;77;15.407651901245117;0.5
00:00:15.500;15500;15500;49A1;15.05;4.05;0.0;77;15.500361919403076;0.5
00:00:15.504;15504;15504;49A2;24.15;9.1;0.0;77;15.504140853881836;0.5
00:00:15.507;15507;15507;49A3;17.3;14.65;0.0;77;15.507794618606567;0.5
00:00:15.601;15601;15601;49A1;15.2;4.2;0.0;77;15.60111927986145;0.5
00:00:15.604;15604;15604;49A2;24.15;9.1;0.0;77;15.604755878448486;0.5
00:00:15.607;15607;15607;49A3;17.3;14.65;0.0;77;15.607964992523193;0.5
00:00:15.701;15701;15701;49A1;15.2;4.2;0.0;77;15.701504707336426;0.5
00:00:15.704;15704;15704;49A2;24.15;9.1;0.0;77;15.704905271530151;0.5
00:00:15.708;15708;15708;49A3;17.3;14.65;0.0;77;15.708555221557617;0.5
00:00:15.802;15802;15802;49A1;15.2;4.2;0.0;77;15.802052736282349;0.5
00:00:15.805;15805;15805;49A2;24.5;9.1;0.0;77;15.80547046661377;0.5
00:00:15.808;15808;15808;49A3;17.3;14.65;0.0;77;15.808988809585571;0.5
00:00:15.902;15902;15902;49A1;15.2;4.2;0.0;77;15.902481317520142;0.5
00:00:15.906;15906;15906;49A2;24.5;9.1;0.0;77;15.906064987182617;0.5
00:00:15.909;15909;15909;49A3;17.5;14.65;0.0;77;15.909691572189331;0.5
00:00:16.002;16002;16002;49A1;15.4;4.2;0.0;77;16.002701997756958;0.5
00:00:16.006;16006;16006;49A2;24.65;9.1;0.0;77;16.00652241706848;0.5
00:00:16.010;16010;16010;49A3;17.5;14.65;0.0;77;16.010061740875244;0.5
00:00:16.104;16104;16104;49A1;15.55;4.4;0.0;77;16.104195594787598;0.5
00:00:16.107;16107;16107;49A2;24.65;9.1;0.0;77;16.10723614692688;0.5
00:00:16.110;16110;16110;49A3;17.5;14.65;0.0;77;16.110402822494507;0.5
00:00:16.205;16205;16205;49A1;15.75;4.4;0.0;77;16.205646991729736;0.5
00:00:16.207;16207;16207;49A2;24.65;9.1;0.0;77;16.207584142684937;0.5
00:00:16.210;16210;16210;49A3;17.5;14.65;0.0;77;16.210711002349854;0.5
00:00:16.305;16305;16305;49A1;15.75;4.4;0.0;77;16.30585551261902;0.5
00:00:16.307;16307;16307;49A2;24.65;9.1;0.0;77;16.30790686607361;0.5
00:00:16.311;16311;16311;49A3;17.5;14.65;0.0;77;16.31104826927185;0.5
00:00:16.406;16406;16406;49A1;15.75;4.4;0.0;77;16.40626621246338;0.5
00:00:16.408;16408;16408;49A2;24.65;9.1;0.0;77;16.408377647399902;0.5
00:00:16.411;16411;16411;49A3;17.5;14.65;0.0;77;16.41159749031067;0.5
00:00:16.506;16506;16506;49A1;15.75;4.4;0.0;77;16.5066876411438;0.5
00:00:16.508;16508;16508;49A2;24.65;9.1;0.0;77;16.508777141571045;0.5
00:00:16.512;16512;16512;49A3;18.0;14.65;0.0;77;16.512022972106934;0.5
00:00:16.606;16606;16606;49A1;15.75;4.4;0.0;77;16.606987714767456;0.5
00:00:16.609;16609;16609;49A2;24.65;9.1;0.0;77;16.609020948410034;0.5
00:00:16.613;16613;16613;49A3;18.2;14.65;0.0;77;16.61341953277588;0.5
00:00:16.707;16707;16707;49A1;15.9;4.4;0.0;77;16.70732808113098;0.5
00:00:16.709;16709;16709;49A2;24.85;9.1;0.0;77;16.709314346313477;0.5
00:00:16.714;16714;16714;49A3;18.2;14.65;0.0;77;16.714446783065796;0.5
00:00:16.808;16808;16808;49A1;16.1;4.4;0.0;77;16.808451652526855;0.5
00:00:16.810;16810;16810;49A2;24.85;9.1;0.0;77;16.810253858566284;0.5
00:00:16.815;16815;16815;49A3;18.55;14.85;0.0;77;16.815072059631348;0.5
00:00:16.909;16909;16909;49A1;16.1;4.4;0.0;77;16.90971088409424;0.5
00:00:16.910;16910;16910;49A2;24.85;8.95;0.0;77;16.910876512527466;0.5
00:00:16.915;16915;16915;49A3;18.9;14.85;0.0;77;16.91576361656189;0.5
00:00:17.010;17010;17010;49A1;16.25;4.4;0.0;77;17.010050535202026;0.5
00:00:17.011;17011;17011;49A2;24.85;8.95;0.0;77;17.011617183685303;0.5
00:00:17.016;17016;17016;49A3;18.9;14.85;0.0;77;17.01665210723877;0.5
00:00:17.111;17111;17111;49A1;16.25;4.4;0.0;77;17.1110258102417;0.5
00:00:17.111;17111;17111;49A2;25.35;8.95;0.0;77;17.111913204193115;0.5
00:00:17.117;17117;17117;49A3;18.9;14.85;0.0;77;17.117279291152954;0.5
00:00:17.211;17211;17211;49A1;16.25;4.4;0.0;77;17.211515426635742;0.5
00:00:17.212;17212;17212;49A2;25.55;8.95;0.0;77;17.212969541549683;0.5
00:00:17.217;17217;17217;49A3;18.9;14.85;0.0;77;17.217793703079224;0.5
00:00:17.311;17311;17311;49A1;16.45;4.4;0.0;77;17.311948776245117;0.5
00:00:17.313;17313;17313;49A2;25.55;8.95;0.0;77;17.313952445983887;0.5
00:00:17.317;17317;17317;49A3;19.25;14.85;0.0;77;17.317925453186035;0.5
00:00:17.413;17413;17413;49A1;16.45;4.4;0.0;77;17.413183212280273;0.5
00:00:17.414;17414;17414;49A2;25.7;8.95;0.0;77;17.414154291152954;0.5
00:00:17.419;17419;17419;49A3;19.95;14.85;0.0;77;17.41970944404602;0.5
00:00:17.513;17513;17513;49A1;16.6;4.4;0.0;77;17.513841152191162;0.5
00:00:17.515;17515;17515;49A2;25.7;8.95;0.0;77;17.515119552612305;0.5
00:00:17.520;17520;17520;49A3;20.1;14.85;0.0;77;17.520214319229126;0.5
00:00:17.614;17614;17614;49A1;16.6;4.4;0.0;77;17.614628076553345;0.5
00:00:17.615;17615;17615;49A2;25.7;8.95;0.0;77;17.615365982055664;0.5
00:00:17.621;17621;17621;49A3;20.1;14.85;0.0;77;17.6215763092041;0.5
00:00:17.714;17714;17714;49A1;16.6;4.4;0.0;77;17.71487545967102;0.5
00:00:17.715;17715;17715;49A2;25.7;8.95;0.0;77;17.7159743309021;0.5
00:00:17.722;17722;17722;49A3;20.1;14.85;0.0;77;17.722257137298584;0.5
00:00:17.815;17815;17815;49A1;16.6;4.4;0.0;77;17.815027236938477;0.5
00:00:17.816;17816;17816;49A2;25.7;8.95;0.0;77;17.816147327423096;0.5
00:00:17.823;17823;17823;49A3;20.3;15.0;0.0;77;17.823047637939453;0.5
00:00:17.915;17915;17915;49A1;16.8;4.4;0.0;77;17.91542100906372;0.5
00:00:17.916;17916;17916;49A2;25.9;8.95;0.0;77;17.916295528411865;0.5
00:00:17.924;17924;17924;49A3;20.3;15.0;0.0;77;17.924112796783447;0.5
00:00:18.016;18016;18016;49A1;16.95;4.55;0.0;77;18.016273975372314;0.5
00:00:18.017;18017;18017;49A2;25.9;8.95;0.0;77;18.01773166656494;0.5
00:00:18.024;18024;18024;49A3;20.3;15.0;0.0;77;18.02428364753723;0.5
00:00:18.117;18117;18117;49A1;16.95;4.55;0.0;77;18.11748719215393;0.5
00:00:18.118;18118;18118;49A2;25.9;8.95;0.0;77;18.11817741394043;0.5
00:00:18.124;18124;18124;49A3;20.3;15.0;0.0;77;18.124738216400146;0.5
00:00:18.217;18217;18217;49A1;17.15;4.75;0.0;77;18.217906951904297;0.5
00:00:18.218;18218;18218;49A2;25.9;8.95;0.0;77;18.218520402908325;0.5
00:00:18.226;18226;18226;49A3;20.45;15.0;0.0;77;18.226090908050537;0.5
00:00:18.318;18318;18318;49A1;17.3;4.75;0.0;77;18.318885326385498;0.5
00:00:18.318;18318;18318;49A2;25.9;8.95;0.0;77;18.318973302841187;0.5
00:00:18.326;18326;18326;49A3;20.45;15.0;0.0;77;18.326539754867554;0.5
00:00:18.419;18419;18419;49A1;17.3;4.75;0.0;77;18.419580221176147;0.5
00:00:18.419;18419;18419;49A2;25.9;8.95;0.0;77;18.41948413848877;0.5
00:00:18.426;18426;18426;49A3;20.65;15.0;0.0;77;18.42673969268799;0.5
00:00:18.519;18519;18519;49A2;25.9;8.95;0.0;77;18.519829273223877;0.5
00:00:18.520;18520;18520;49A1;17.3;4.75;0.0;77;18.520153760910034;0.5
00:00:18.527;18527;18527;49A3;21.0;14.85;0.0;77;18.527548789978027;0.5
00:00:18.620;18620;18620;49A1;17.3;4.75;0.0;77;18.620468616485596;0.5
00:00:18.620;18620;18620;49A2;25.9;8.95;0.0;77;18.620396614074707;0.5
00:00:18.628;18628;18628;49A3;21.0;14.85;0.0;77;18.628257751464844;0.5
00:00:18.720;18720;18720;49A1;17.3;4.75;0.0;77;18.720898866653442;0.5
00:00:18.720;18720;18720;49A2;26.4;8.95;0.0;77;18.720639944076538;0.5
00:00:18.728;18728;18728;49A3;21.0;14.85;0.0;77;18.72857689857483;0.5
00:00:18.821;18821;18821;49A1;17.5;4.6;0.0;77;18.821276426315308;0.5
00:00:18.821;18821;18821;49A2;26.75;9.1;0.0;77;18.82187032699585;0.5
00:00:18.829;18829;18829;49A3;21.15;14.85;0.0;77;18.829790592193604;0.5
00:00:18.922;18922;18922;49A1;17.65;4.6;0.0;77;18.92220973968506;0.5
00:00:18.922;18922;18922;49A2;26.75;9.1;0.0;77;18.922828674316406;0.5
00:00:18.930;18930;18930;49A3;21.15;14.85;0.0;77;18.93032956123352;0.5
00:00:19.023;19023;19023;49A1;17.65;4.6;0.0;77;19.023456573486328;0.5
00:00:19.023;19023;19023;49A2;26.95;9.1;0.0;77;19.023972272872925;0.5
00:00:19.030;19030;19030;49A3;21.5;14.85;0.0;77;19.030908823013306;0.5
00:00:19.123;19123;19123;49A1;17.85;4.6;0.0;77;19.123781442642212;0.5
00:00:19.124;19124;19124;49A2;27.1;9.1;0.0;77;19.124663829803467;0.5
00:00:19.131;19131;19131;49A3;21.5;15.0;0.0;77;19.13183331489563;0.5
00:00:19.224;19224;19224;49A1;18.0;4.6;0.0;77;19.224520683288574;0.5
00:00:19.225;19225;19225;49A2;27.1;8.95;0.0;77;19.225732803344727;0.5
00:00:19.232;19232;19232;49A3;21.5;15.0;0.0;77;19.232498168945312;0.5
00:00:19.325;19325;19325;49A1;18.0;4.6;0.0;77;19.325467109680176;0.5
00:00:19.326;19326;19326;49A2;27.1;8.95;0.0;77;19.32696533203125;0.5
00:00:19.332;19332;19332;49A3;21.5;15.0;0.0;77;19.332995891571045;0.5
00:00:19.425;19425;19425;49A1;18.0;4.6;0.0;77;19.425861358642578;0.5
00:00:19.427;19427;19427;49A2;27.1;8.95;0.0;77;19.427614450454712;0.5
00:00:19.433;19433;19433;49A3;21.85;15.0;0.0;77;19.433311223983765;0.5
00:00:19.526;19526;19526;49A1;18.35;4.75;0.0;77;19.526456117630005;0.5
00:00:19.528;19528;19528;49A2;27.3;8.95;0.0;77;19.528082609176636;0.5
00:00:19.534;19534;19534;49A3;21.85;15.0;0.0;77;19.534090995788574;0.5
00:00:19.627;19627;19627;49A1;18.55;4.75;0.0;77;19.627659559249878;0.5
00:00:19.628;19628;19628;49A2;27.45;8.95;0.0;77;19.62889552116394;0.5
00:00:19.634;19634;19634;49A3;21.85;15.0;0.0;77;19.63465118408203;0.5
00:00:19.728;19728;19728;49A1;18.55;4.75;0.0;77;19.728805541992188;0.5
00:00:19.729;19729;19729;49A2;27.65;8.95;0.0;77;19.729958534240723;0.5
00:00:19.735;19735;19735;49A3;22.2;15.2;0.0;77;19.735148429870605;0.5
00:00:19.829;19829;19829;49A1;18.55;4.75;0.0;77;19.829399585723877;0.5
00:00:19.830;19830;19830;49A2;27.65;8.95;0.0;77;19.830670833587646;0.5
00:00:19.835;19835;19835;49A3;22.4;15.2;0.0;77;19.835792064666748;0.5
00:00:19.929;19929;19929;49A1;18.7;4.75;0.0;77;19.929837465286255;0.5
00:00:19.931;19931;19931;49A2;27.65;8.95;0.0;77;19.931107997894287;0.5
00:00:19.936;19936;19936;49A3;22.55;15.2;0.0;77;19.936928272247314;0.5
00:00:20.030;20030;20030;49A1;18.7;4.75;0.0;77;20.03087544441223;0.5
00:00:20.031;20031;20031;49A2;27.8;8.95;0.0;77;20.031615734100342;0.5
00:00:20.037;20037;20037;49A3;22.55;15.2;0.0;77;20.037796020507812;0.5
00:00:20.131;20131;20131;49A1;18.7;4.75;0.0;77;20.131384134292603;0.5
00:00:20.132;20132;20132;49A2;28.0;8.95;0.0;77;20.13248348236084;0.5
00:00:20.138;20138;20138;49A3;22.9;15.2;0.0;77;20.138253688812256;0.5
00:00:20.231;20231;20231;49A1;18.7;4.75;0.0;77;20.23197865486145;0.5
00:00:20.233;20233;20233;49A2;28.0;8.95;0.0;77;20.233370542526245;0.5
00:00:20.239;20239;20239;49A3;23.1;15.2;0.0;77;20.239115476608276;0.5
00:00:20.332;20332;20332;49A1;18.7;4.75;0.0;77;20.33218741416931;0.5
00:00:20.333;20333;20333;49A2;28.15;8.95;0.0;77;20.333990573883057;0.5
00:00:20.339;20339;20339;49A3;23.1;15.2;0.0;77;20.339718341827393;0.5
00:00:20.432;20432;20432;49A1;18.9;4.75;0.0;77;20.43234419822693;0.5
00:00:20.434;20434;20434;49A2;28.15;8.95;0.0;77;20.43466591835022;0.5
00:00:20.440;20440;20440;49A3;23.1;15.2;0.0;77;20.440319776535034;0.5
00:00:20.533;20533;20533;49A1;18.9;4.75;0.0;77;20.533345460891724;0.5
00:00:20.534;20534;20534;49A2;28.35;8.95;0.0;77;20.534867525100708;0.5
00:00:20.540;20540;20540;49A3;23.1;15.2;0.0;77;20.540728330612183;0.5
00:00:20.633;20633;20633;49A1;18.9;4.75;0.0;77;20.633604526519775;0.5
00:00:20.635;20635;20635;49A2;28.35;8.95;0.0;77;20.63566780090332;0.5
00:00:20.641;20641;20641;49A3;23.45;15.2;0.0;77;20.641273260116577;0.5
00:00:20.733;20733;20733;49A1;19.25;4.75;0.0;77;20.733937978744507;0.5
00:00:20.735;20735;20735;49A2;28.5;8.95;0.0;77;20.735894680023193;0.5
00:00:20.742;20742;20742;49A3;23.45;15.2;0.0;77;20.74236488342285;0.5
00:00:20.834;20834;20834;49A1;19.25;4.75;0.0;77;20.83483076095581;0.5
00:00:20.836;20836;20836;49A2;28.5;8.95;0.0;77;20.836516618728638;0.5
00:00:20.842;20842;20842;49A3;23.95;15.2;0.0;77;20.842634677886963;0.5
00:00:20.935;20935;20935;49A1;19.4;4.75;0.0;77;20.935300827026367;0.5
00:00:20.936;20936;20936;49A2;28.5;8.95;0.0;77;20.93686270713806;0.5
00:00:20.943;20943;20943;49A3;24.15;15.35;0.0;77;20.943952083587646;0.5
00:00:21.036;21036;21036;49A1;19.6;4.75;0.0;77;21.03637385368347;0.5
00:00:21.037;21037;21037;49A2;28.7;8.95;0.0;77;21.03712487220764;0.5
00:00:21.044;21044;21044;49A3;24.15;15.35;0.0;77;21.04464077949524;0.5
00:00:21.137;21137;21137;49A1;19.6;4.75;0.0;77;21.13731098175049;0.5
00:00:21.138;21138;21138;49A2;29.05;8.95;0.0;77;21.13804817199707;0.5
00:00:21.144;21144;21144;49A3;24.15;15.35;0.0;77;21.144871950149536;0.5
00:00:21.237;21237;21237;49A1;19.6;4.9;0.0;77;21.23777151107788;0.5
00:00:21.239;21239;21239;49A2;29.05;8.95;0.0;77;21.239405155181885;0.5
00:00:21.245;21245;21245;49A3;24.15;15.35;0.0;77;21.245210886001587;0.5
00:00:21.338;21338;21338;49A1;19.6;4.9;0.0;77;21.338447332382202;0.5
00:00:21.339;21339;21339;49A2;29.2;8.95;0.0;77;21.339629411697388;0.5
00:00:21.345;21345;21345;49A3;24.15;15.35;0.0;77;21.345659971237183;0.5
00:00:21.438;21438;21438;49A1;19.6;4.9;0.0;77;21.43899393081665;0.5
00:00:21.440;21440;21440;49A2;29.2;8.95;0.0;77;21.44025731086731;0.5
00:00:21.446;21446;21446;49A3;24.3;15.35;0.0;77;21.44614291191101;0.5
00:00:21.539;21539;21539;49A1;19.6;4.9;0.0;77;21.539658784866333;0.5
00:00:21.540;21540;21540;49A2;29.2;8.95;0.0;77;21.540627002716064;0.5
00:00:21.547;21547;21547;49A3;24.5;15.35;0.0;77;21.54721426963806;0.5
00:00:21.639;21639;21639;49A1;19.75;4.9;0.0;77;21.63997793197632;0.5
00:00:21.641;21641;21641;49A2;29.2;8.95;0.0;77;21.64170241355896;0.5
00:00:21.647;21647;21647;49A3;25.2;15.35;0.0;77;21.647839307785034;0.5
00:00:21.740;21740;21740;49A1;19.75;4.9;0.0;77;21.740580320358276;0.5
00:00:21.748;21748;21748;49A3;25.7;15.35;0.0;77;21.748860836029053;0.5
00:00:21.840;21840;21840;49A1;19.75;4.9;0.0;77;21.84085178375244;0.5
00:00:21.850;21850;21850;49A3;25.7;15.35;0.0;77;21.850000858306885;0.5
00:00:21.940;21940;21940;49A1;19.75;4.9;0.0;77;21.94098734855652;0.5
00:00:21.950;21950;21950;49A3;25.7;15.35;0.0;77;21.950170755386353;0.5
00:00:22.042;22042;22042;49A1;20.1;4.9;0.0;77;22.04224991798401;0.5
00:00:22.050;22050;22050;49A3;25.7;15.35;0.0;77;22.050679445266724;0.5
00:00:22.142;22142;22142;49A1;20.3;4.9;0.0;77;22.142775297164917;0.5
00:00:22.150;22150;22150;49A3;25.7;15.35;0.0;77;22.150875091552734;0.5
00:00:22.243;22243;22243;49A1;20.8;4.6;0.0;77;22.243857622146606;0.5
00:00:22.251;22251;22251;49A3;25.7;15.35;0.0;77;22.25152564048767;0.5
00:00:22.344;22344;22344;49A1;20.8;4.6;0.0;77;22.344403982162476;0.5
00:00:22.351;22351;22351;49A3;25.7;15.35;0.0;77;22.351767778396606;0.5
00:00:22.444;22444;22444;49A1;21.0;4.6;0.0;77;22.44495439529419;0.5
00:00:22.452;22452;22452;49A3;26.25;15.35;0.0;77;22.45222520828247;0.5
00:00:22.545;22545;22545;49A1;21.5;4.6;0.0;77;22.545713663101196;0.5
00:00:22.553;22553;22553;49A3;26.4;15.55;0.0;77;22.553739547729492;0.5
00:00:22.646;22646;22646;49A1;21.7;4.6;0.0;77;22.646830797195435;0.5
00:00:22.654;22654;22654;49A3;26.4;15.55;0.0;77;22.654341459274292;0.5
00:00:22.747;22747;22747;49A1;21.7;4.6;0.0;77;22.747679471969604;0.5
00:00:22.754;22754;22754;49A3;26.4;15.55;0.0;77;22.754470586776733;0.5
00:00:22.848;22848;22848;49A1;21.7;4.6;0.0;77;22.84826636314392;0.5
00:00:22.855;22855;22855;49A3;26.6;15.55;0.0;77;22.855222940444946;0.5
00:00:22.948;22948;22948;49A1;21.85;4.6;0.0;77;22.948835134506226;0.5
00:00:22.955;22955;22955;49A3;26.6;15.55;0.0;77;22.95564365386963;0.5
00:00:23.050;23050;23050;49A1;22.05;4.6;0.0;77;23.050050497055054;0.5
00:00:23.056;23056;23056;49A3;26.6;15.55;0.0;77;23.05618119239807;0.5
00:00:23.150;23150;23150;49A1;22.05;4.6;0.0;77;23.15098237991333;0.5
00:00:23.156;23156;23156;49A3;26.6;15.4;0.0;77;23.156541347503662;0.5
00:00:23.251;23251;23251;49A1;22.2;4.6;0.0;77;23.251147985458374;0.5
00:00:23.257;23257;23257;49A3;26.75;15.4;0.0;77;23.25749373435974;0.5
00:00:23.352;23352;23352;49A1;22.55;4.6;0.0;77;23.352033853530884;0.5
00:00:23.359;23359;23359;49A3;27.1;15.4;0.0;77;23.359046459197998;0.5
00:00:23.453;23453;23453;49A1;23.1;4.4;0.0;77;23.453092098236084;0.5
00:00:23.460;23460;23460;49A3;27.8;15.55;0.0;77;23.46015214920044;0.5
00:00:23.554;23554;23554;49A1;23.1;4.4;0.0;77;23.554510831832886;0.5
00:00:23.561;23561;23561;49A3;28.0;15.55;0.0;77;23.56140160560608;0.5
00:00:23.654;23654;23654;49A1;23.1;4.4;0.0;77;23.65484595298767;0.5
00:00:23.662;23662;23662;49A3;28.0;15.55;0.0;77;23.66231918334961;0.5
00:00:23.755;23755;23755;49A1;23.1;4.4;0.0;77;23.75514054298401;0.5
00:00:23.762;23762;23762;49A3;28.15;15.55;0.0;77;23.762718200683594;0.5
00:00:23.855;23855;23855;49A1;23.1;4.4;0.0;77;23.855642557144165;0.5
00:00:23.863;23863;23863;49A3;28.15;15.55;0.0;77;23.863617658615112;0.5
00:00:23.956;23956;23956;49A1;23.1;4.4;0.0;77;23.956315517425537;0.5
00:00:23.963;23963;23963;49A3;28.15;15.55;0.0;77;23.963855028152466;0.5
00:00:24.056;24056;24056;49A1;23.1;4.4;0.0;77;24.05652093887329;0.5
00:00:24.063;24063;24063;49A3;28.15;15.55;0.0;77;24.063978672027588;0.5
00:00:24.156;24156;24156;49A1;23.1;4.4;0.0;77;24.15684199333191;0.5
00:00:24.164;24164;24164;49A3;28.15;15.55;0.0;77;24.16436767578125;0.5
00:00:24.257;24257;24257;49A1;23.1;4.4;0.0;77;24.25742268562317;0.5
00:00:24.264;24264;24264;49A3;28.5;15.55;0.0;77;24.26471447944641;0.5
00:00:24.358;24358;24358;49A1;23.25;4.4;0.0;77;24.358030796051025;0.5
00:00:24.365;24365;24365;49A3;28.7;15.55;0.0;77;24.36553168296814;0.5
00:00:24.459;24459;24459;49A1;23.25;4.4;0.0;77;24.459489583969116;0.5
00:00:24.466;24466;24466;49A3;28.7;15.55;0.0;77;24.466651678085327;0.5
00:00:24.560;24560;24560;49A1;23.25;4.4;0.0;77;24.560059309005737;0.5
00:00:24.567;24567;24567;49A3;28.7;15.55;0.0;77;24.56717610359192;0.5
00:00:24.660;24660;24660;49A1;23.45;4.4;0.0;77;24.660541772842407;0.5
00:00:24.668;24668;24668;49A3;28.7;15.55;0.0;77;24.668412923812866;0.5
00:00:24.761;24761;24761;49A1;23.6;4.4;0.0;77;24.7611403465271;0.5
00:00:24.861;24861;24861;49A1;23.6;4.4;0.0;77;24.86178708076477;0.5
00:00:24.962;24962;24962;49A1;23.6;4.4;0.0;77;24.962302684783936;0.5
00:00:25.062;25062;25062;49A1;23.8;4.4;0.0;77;25.06243920326233;0.5
00:00:25.163;25163;25163;49A1;23.95;4.4;0.0;77;25.16327667236328;0.5
00:00:25.264;25264;25264;49A1;24.15;4.4;0.0;77;25.26408362388611;0.5
00:00:25.364;25364;25364;49A1;24.15;4.4;0.0;77;25.3648681640625;0.5
00:00:25.465;25465;25465;49A1;24.15;4.4;0.0;77;25.46536350250244;0.5
00:00:25.565;25565;25565;49A1;24.15;4.4;0.0;77;25.565765142440796;0.5
00:00:25.666;25666;25666;49A1;24.15;4.4;0.0;77;25.666075229644775;0.5
00:00:25.766;25766;25766;49A1;24.15;4.4;0.0;77;25.766601085662842;0.5
00:00:25.867;25867;25867;49A1;24.5;4.4;0.0;77;25.867178916931152;0.5
00:00:25.968;25968;25968;49A1;24.5;4.4;0.0;77;25.968023777008057;0.5
00:00:26.068;26068;26068;49A1;24.5;4.4;0.0;77;26.068433046340942;0.5
00:00:26.168;26168;26168;49A1;24.65;4.4;0.0;77;26.168957710266113;0.5
00:00:26.270;26270;26270;49A1;25.0;4.4;0.0;77;26.270108461380005;0.5
00:00:26.371;26371;26371;49A1;25.0;4.4;0.0;77;26.37110686302185;0.5
00:00:26.471;26471;26471;49A1;25.0;4.4;0.0;77;26.471302270889282;0.5
00:00:26.572;26572;26572;49A1;25.2;4.4;0.0;77;26.5721697807312;0.5
00:00:26.672;26672;26672;49A1;25.2;4.4;0.0;77;26.672388553619385;0.5
00:00:26.773;26773;26773;49A1;25.35;4.4;0.0;77;26.77320146560669;0.5
00:00:26.873;26873;26873;49A1;25.35;4.4;0.0;77;26.873690605163574;0.5
00:00:26.973;26973;26973;49A1;25.35;4.4;0.0;77;26.973960399627686;0.5
00:00:27.074;27074;27074;49A1;25.7;4.4;0.0;77;27.07434868812561;0.5
00:00:27.175;27175;27175;49A1;25.7;4.4;0.0;77;27.175098180770874;0.5
00:00:27.275;27275;27275;49A1;25.7;4.4;0.0;77;27.275749921798706;0.5
00:00:27.375;27375;27375;49A1;25.7;4.4;0.0;77;27.37598752975464;0.5
00:00:27.476;27476;27476;49A1;26.25;4.55;0.0;77;27.4761164188385;0.5
00:00:27.577;27577;27577;49A1;26.25;4.55;0.0;77;27.57733988761902;0.5
00:00:27.677;27677;27677;49A1;26.25;4.55;0.0;77;27.677500247955322;0.5
00:00:27.777;27777;27777;49A1;26.25;4.55;0.0;77;27.777806043624878;0.5
00:00:27.878;27878;27878;49A1;26.25;4.55;0.0;77;27.878223419189453;0.5
00:00:27.978;27978;27978;49A1;26.4;4.55;0.0;77;27.978891849517822;0.5
00:00:28.079;28079;28079;49A1;26.4;4.55;0.0;77;28.079890251159668;0.5
00:00:28.180;28180;28180;49A1;26.4;4.55;0.0;77;28.180216550827026;0.5
00:00:28.280;28280;28280;49A1;26.4;4.55;0.0;77;28.28083896636963;0.5
00:00:28.381;28381;28381;49A1;26.4;4.55;0.0;77;28.381243467330933;0.5
00:00:28.482;28482;28482;49A1;26.4;4.55;0.0;77;28.482749700546265;0.5
00:00:28.583;28583;28583;49A1;26.4;4.55;0.0;77;28.583882570266724;0.5
00:00:28.684;28684;28684;49A1;26.4;4.55;0.0;77;28.68446636199951;0.5
00:00:28.784;28784;28784;49A1;26.6;4.55;0.0;77;28.78464126586914;0.5
00:00:28.885;28885;28885;49A1;26.6;4.55;0.0;77;28.885594606399536;0.5
00:00:28.986;28986;28986;49A1;26.6;4.55;0.0;77;28.98625612258911;0.5
00:00:29.087;29087;29087;49A1;26.6;4.55;0.0;77;29.087125062942505;0.5
00:00:29.189;29189;29189;49A1;26.75;4.4;0.0;77;29.18921446800232;0.5
